{
    "pages_loaded_mean": 94940.94,
    "pages_loaded_std_dev": 310570.17,
    "graph_get_time": 1.2691204364483174e-05,
    "get_neighbor_time": 0.0415883217102442,
    "search_nodes_num": 791174.4743589744,
    "node_removal_time": 7.488788702549078e-06,
    "features_get_time": 0.4885562688876421,
    "features_nodes_num": 791174.4743589744,
    "prepare_next_layer_time": 0.04425720068124624,
    "level_processing_time": 0.5744677170729026,
    "average_time_per_batch": 1.8123378661962657
}